{
    "status": "OPTIMAL_SOLUTION",
    "solution": {
        "objective": 890,
        "s": [
            [
                226,
                338,
                409,
                492,
                730
            ],
            [
                64,
                213,
                316,
                374,
                563
            ],
            [
                29,
                139,
                176,
                710,
                765
            ],
            [
                0,
                140,
                265,
                316,
                823
            ],
            [
                0,
                29,
                744,
                806,
                823
            ],
            [
                0,
                115,
                514,
                611,
                699
            ],
            [
                0,
                174,
                457,
                568,
                588
            ],
            [
                58,
                115,
                409,
                806,
                869
            ],
            [
                152,
                355,
                454,
                544,
                638
            ],
            [
                0,
                44,
                73,
                147,
                245
            ],
            [
                68,
                273,
                386,
                409,
                454
            ],
            [
                61,
                155,
                439,
                496,
                741
            ],
            [
                52,
                273,
                692,
                744,
                836
            ],
            [
                15,
                172,
                226,
                335,
                770
            ],
            [
                208,
                325,
                611,
                692,
                768
            ]
        ],
        "makespan": 890,
        "idle_time": 705
    },
    "statistics": {
        "paths": 0,
        "flatIntVars": 1141,
        "flatIntConstraints": 1666,
        "evaluatedHalfReifiedConstraints": 1050,
        "method": "minimize",
        "flatTime": 219.55700000000002,
        "objective": 890,
        "objectiveBound": 890,
        "nodes": 3460,
        "solveTime": 962.3000000000001,
        "time": 946.0,
        "openNodes": 2200,
        "nSolutions": 28,
        "low_gap": 704,
        "upper_gap": 34848,
        "low_gap_orig": 2345,
        "upper_gap_orig": 11132,
        "timeout": 212282.0,
        "max_timeout": 212282.0
    }
}